{"cameraMode":{"drawMode":0,"name":"Shaded","section":"Shading Mode"},"sceneLighting":false,"audioPlay":false,"sceneViewState":{"m_AlwaysRefresh":false,"showFog":true,"showSkybox":false,"showFlares":true,"showImageEffects":true,"showParticleSystems":true,"showVisualEffectGraphs":true,"m_FxEnabled":true},"in2DMode":false,"pivot":{"x":-0.13032150268554688,"y":-0.13884496688842774,"z":-0.26425695419311526},"rotation":{"x":-0.07819301635026932,"y":0.1279039829969406,"z":-0.009933930821716786,"w":-0.9887544512748718},"size":4.026864528656006,"orthographic":false}