{"cameraMode":{"drawMode":0,"name":"Shaded","section":"Shading Mode"},"sceneLighting":false,"audioPlay":false,"sceneViewState":{"m_AlwaysRefresh":false,"showFog":true,"showSkybox":true,"showFlares":true,"showImageEffects":true,"showParticleSystems":true,"showVisualEffectGraphs":true,"m_FxEnabled":true},"in2DMode":false,"pivot":{"x":-8.068740844726563,"y":-25.53241539001465,"z":-237.8701934814453},"rotation":{"x":0.0010443994542583824,"y":-0.9952487349510193,"z":0.09674068540334702,"w":0.010745219886302948},"size":85.4235610961914,"orthographic":false}