{"cameraMode":{"drawMode":0,"name":"Shaded","section":"Shading Mode"},"sceneLighting":false,"audioPlay":false,"sceneViewState":{"m_AlwaysRefresh":false,"showFog":true,"showSkybox":false,"showFlares":true,"showImageEffects":true,"showParticleSystems":true,"showVisualEffectGraphs":true,"m_FxEnabled":true},"in2DMode":false,"pivot":{"x":0.00006651878356933594,"y":1.190178394317627,"z":0.00007486343383789063},"rotation":{"x":-0.07819301635026932,"y":0.1279039829969406,"z":-0.009933930821716786,"w":-0.9887544512748718},"size":4.203463554382324,"orthographic":false}