{"cameraMode":{"drawMode":0,"name":"Shaded","section":"Shading Mode"},"sceneLighting":false,"audioPlay":false,"sceneViewState":{"m_AlwaysRefresh":false,"showFog":true,"showSkybox":false,"showFlares":true,"showImageEffects":true,"showParticleSystems":true,"showVisualEffectGraphs":true,"m_FxEnabled":true},"in2DMode":false,"pivot":{"x":-0.15488487482070924,"y":0.7801158428192139,"z":0.11129426956176758},"rotation":{"x":-0.07819301635026932,"y":0.1279039829969406,"z":-0.009933930821716786,"w":-0.9887544512748718},"size":3.409334659576416,"orthographic":false}