{"cameraMode":{"drawMode":0,"name":"Shaded","section":"Shading Mode"},"sceneLighting":false,"audioPlay":false,"sceneViewState":{"m_AlwaysRefresh":false,"showFog":true,"showSkybox":false,"showFlares":true,"showImageEffects":true,"showParticleSystems":true,"showVisualEffectGraphs":true,"m_FxEnabled":true},"in2DMode":false,"pivot":{"x":0.03777192533016205,"y":-0.012784585356712342,"z":-0.08864957094192505},"rotation":{"x":-0.07819301635026932,"y":0.1279039829969406,"z":-0.009933930821716786,"w":-0.9887544512748718},"size":0.3690096437931061,"orthographic":false}