{"cameraMode":{"drawMode":0,"name":"Shaded","section":"Shading Mode"},"sceneLighting":false,"audioPlay":false,"sceneViewState":{"m_AlwaysRefresh":false,"showFog":false,"showSkybox":false,"showFlares":false,"showImageEffects":false,"showParticleSystems":false,"showVisualEffectGraphs":true,"m_FxEnabled":true},"in2DMode":false,"pivot":{"x":0.14945827424526215,"y":1.0569119453430176,"z":-0.7106813192367554},"rotation":{"x":0.03219745680689812,"y":-0.9445169568061829,"z":0.09693481028079987,"w":0.31244227290153506},"size":1.711997389793396,"orthographic":false}